<?xml version="1.0" encoding="UTF-8"?>
<metadata xml:lang="en"><Esri><CreaDate>20230411</CreaDate><CreaTime>14382500</CreaTime><ArcGISFormat>1.0</ArcGISFormat><SyncOnce>TRUE</SyncOnce><DataProperties><lineage><Process ToolSource="c:\program files\arcgis\pro\Resources\ArcToolbox\toolboxes\GeoAnalytics Desktop Tools.tbx\DissolveBoundaries" Date="20230327" Time="162547">DissolveBoundaries ROI_SML_Seymour_Watershed C:\Users\cwitt\Documents\ArcGIS\Projects\Vancouver\Vancouver.gdb\Seymour_Area SINGLE_PART # # #</Process><Process ToolSource="c:\program files\arcgis\pro\Resources\ArcToolbox\toolboxes\Data Management Tools.tbx\Project" Date="20230411" Time="143825">Project Seymour_Group\Seymour_Area "C:\Users\cwitt\Desktop\GEOS 472 Cartography Research\Vancouver Water\WGS 1984 Web Mercator\Seymour_Area.shp" PROJCS["WGS_1984_Web_Mercator_Auxiliary_Sphere",GEOGCS["GCS_WGS_1984",DATUM["D_WGS_1984",SPHEROID["WGS_1984",6378137.0,298.257223563]],PRIMEM["Greenwich",0.0],UNIT["Degree",0.0174532925199433]],PROJECTION["Mercator_Auxiliary_Sphere"],PARAMETER["False_Easting",0.0],PARAMETER["False_Northing",0.0],PARAMETER["Central_Meridian",0.0],PARAMETER["Standard_Parallel_1",0.0],PARAMETER["Auxiliary_Sphere_Type",0.0],UNIT["Meter",1.0]] WGS_1984_(ITRF00)_To_NAD_1983 PROJCS["NAD_1983_BC_Environment_Albers",GEOGCS["GCS_North_American_1983",DATUM["D_North_American_1983",SPHEROID["GRS_1980",6378137.0,298.257222101]],PRIMEM["Greenwich",0.0],UNIT["Degree",0.0174532925199433]],PROJECTION["Albers"],PARAMETER["False_Easting",1000000.0],PARAMETER["False_Northing",0.0],PARAMETER["Central_Meridian",-126.0],PARAMETER["Standard_Parallel_1",50.0],PARAMETER["Standard_Parallel_2",58.5],PARAMETER["Latitude_Of_Origin",45.0],UNIT["Meter",1.0]] NO_PRESERVE_SHAPE # NO_VERTICAL</Process></lineage></DataProperties></Esri></metadata>
