<?xml version="1.0" encoding="UTF-8"?>
<metadata xml:lang="en"><Esri><CreaDate>20230411</CreaDate><CreaTime>14382000</CreaTime><ArcGISFormat>1.0</ArcGISFormat><SyncOnce>FALSE</SyncOnce><DataProperties><itemProps><itemName Sync="TRUE">NorthVan_WaterMains_AMtype2</itemName><imsContentType Sync="TRUE">002</imsContentType><itemLocation><linkage Sync="TRUE">file://\\DESKTOP-VHL64LU\C$\Users\cwitt\Documents\ArcGIS\Projects\Vancouver\Vancouver.gdb</linkage><protocol Sync="TRUE">Local Area Network</protocol></itemLocation></itemProps><coordRef><type Sync="TRUE">Projected</type><geogcsn Sync="TRUE">GCS_North_American_1983</geogcsn><csUnits Sync="TRUE">Linear Unit: Meter (1.000000)</csUnits><projcsn Sync="TRUE">NAD_1983_UTM_Zone_10N</projcsn><peXml Sync="TRUE">&lt;ProjectedCoordinateSystem xsi:type='typens:ProjectedCoordinateSystem' xmlns:xsi='http://www.w3.org/2001/XMLSchema-instance' xmlns:xs='http://www.w3.org/2001/XMLSchema' xmlns:typens='http://www.esri.com/schemas/ArcGIS/3.1.0'&gt;&lt;WKT&gt;PROJCS[&amp;quot;NAD_1983_UTM_Zone_10N&amp;quot;,GEOGCS[&amp;quot;GCS_North_American_1983&amp;quot;,DATUM[&amp;quot;D_North_American_1983&amp;quot;,SPHEROID[&amp;quot;GRS_1980&amp;quot;,6378137.0,298.257222101]],PRIMEM[&amp;quot;Greenwich&amp;quot;,0.0],UNIT[&amp;quot;Degree&amp;quot;,0.0174532925199433]],PROJECTION[&amp;quot;Transverse_Mercator&amp;quot;],PARAMETER[&amp;quot;False_Easting&amp;quot;,500000.0],PARAMETER[&amp;quot;False_Northing&amp;quot;,0.0],PARAMETER[&amp;quot;Central_Meridian&amp;quot;,-123.0],PARAMETER[&amp;quot;Scale_Factor&amp;quot;,0.9996],PARAMETER[&amp;quot;Latitude_Of_Origin&amp;quot;,0.0],UNIT[&amp;quot;Meter&amp;quot;,1.0],AUTHORITY[&amp;quot;EPSG&amp;quot;,26910]]&lt;/WKT&gt;&lt;XOrigin&gt;-5120900&lt;/XOrigin&gt;&lt;YOrigin&gt;-9998100&lt;/YOrigin&gt;&lt;XYScale&gt;10000&lt;/XYScale&gt;&lt;ZOrigin&gt;-100000&lt;/ZOrigin&gt;&lt;ZScale&gt;10000&lt;/ZScale&gt;&lt;MOrigin&gt;-100000&lt;/MOrigin&gt;&lt;MScale&gt;10000&lt;/MScale&gt;&lt;XYTolerance&gt;0.001&lt;/XYTolerance&gt;&lt;ZTolerance&gt;0.001&lt;/ZTolerance&gt;&lt;MTolerance&gt;0.001&lt;/MTolerance&gt;&lt;HighPrecision&gt;true&lt;/HighPrecision&gt;&lt;WKID&gt;26910&lt;/WKID&gt;&lt;LatestWKID&gt;26910&lt;/LatestWKID&gt;&lt;/ProjectedCoordinateSystem&gt;</peXml></coordRef><lineage><Process ToolSource="c:\program files\arcgis\pro\Resources\ArcToolbox\toolboxes\Conversion Tools.tbx\ExportFeatures" Date="20230406" Time="121632">ExportFeatures "WtrMain selection" C:\Users\cwitt\Documents\ArcGIS\Projects\Vancouver\Vancouver.gdb\NorthVan_WaterMains_AMtype2 # NOT_USE_ALIAS "OBJECTID "OBJECTID" true true false 11 Double 0 11,First,#,WtrMain selection,OBJECTID,-1,-1;ASSET_ID "ASSET_ID" true true false 12 Text 0 0,First,#,WtrMain selection,ASSET_ID,0,12;AM_OWNER "AM_OWNER" true true false 72 Text 0 0,First,#,WtrMain selection,AM_OWNER,0,72;AM_OWNER_R "AM_OWNER_R" true true false 254 Text 0 0,First,#,WtrMain selection,AM_OWNER_R,0,254;AM_DEPT "AM_DEPT" true true false 30 Text 0 0,First,#,WtrMain selection,AM_DEPT,0,30;AM_DEPT_RE "AM_DEPT_RE" true true false 254 Text 0 0,First,#,WtrMain selection,AM_DEPT_RE,0,254;AM_DATE "AM_DATE" true true false 11 Double 0 11,First,#,WtrMain selection,AM_DATE,-1,-1;AM_MATERIA "AM_MATERIA" true true false 52 Text 0 0,First,#,WtrMain selection,AM_MATERIA,0,52;AM_MATER00 "AM_MATER00" true true false 254 Text 0 0,First,#,WtrMain selection,AM_MATER00,0,254;AM_SIZE "AM_SIZE" true true false 18 Text 0 0,First,#,WtrMain selection,AM_SIZE,0,18;AM_SIZE_RE "AM_SIZE_RE" true true false 254 Text 0 0,First,#,WtrMain selection,AM_SIZE_RE,0,254;AM_TYPE "AM_TYPE" true true false 11 Double 0 11,First,#,WtrMain selection,AM_TYPE,-1,-1;AM_ESTIMAT "AM_ESTIMAT" true true false 100 Text 0 0,First,#,WtrMain selection,AM_ESTIMAT,0,100;DRAW_TYPE "DRAW_TYPE" true true false 48 Text 0 0,First,#,WtrMain selection,DRAW_TYPE,0,48;DRAW_TYPE_ "DRAW_TYPE_" true true false 254 Text 0 0,First,#,WtrMain selection,DRAW_TYPE_,0,254;COMMENTS "COMMENTS" true true false 254 Text 0 0,First,#,WtrMain selection,COMMENTS,0,254;OFFSET "OFFSET" true true false 12 Text 0 0,First,#,WtrMain selection,OFFSET,0,12;MAIN_ID "MAIN_ID" true true false 20 Text 0 0,First,#,WtrMain selection,MAIN_ID,0,20;BREAKS "BREAKS" true true false 11 Double 0 11,First,#,WtrMain selection,BREAKS,-1,-1;MET_INPUT "MET_INPUT" true true false 18 Text 0 0,First,#,WtrMain selection,MET_INPUT,0,18;MET_TECH "MET_TECH" true true false 33 Text 0 0,First,#,WtrMain selection,MET_TECH,0,33;MET_TECH_R "MET_TECH_R" true true false 254 Text 0 0,First,#,WtrMain selection,MET_TECH_R,0,254;MET_OVR_BY "MET_OVR_BY" true true false 18 Text 0 0,First,#,WtrMain selection,MET_OVR_BY,0,18;MET_OVR_TY "MET_OVR_TY" true true false 18 Text 0 0,First,#,WtrMain selection,MET_OVR_TY,0,18;ENABLED "ENABLED" true true false 14 Text 0 0,First,#,WtrMain selection,ENABLED,0,14;ENABLED_RE "ENABLED_RE" true true false 254 Text 0 0,First,#,WtrMain selection,ENABLED_RE,0,254;GLOBALID "GLOBALID" true true false 254 Text 0 0,First,#,WtrMain selection,GLOBALID,0,254;CONTRIBUTE "CONTRIBUTE" true true false 29 Text 0 0,First,#,WtrMain selection,CONTRIBUTE,0,29;CONTRIBU00 "CONTRIBU00" true true false 254 Text 0 0,First,#,WtrMain selection,CONTRIBU00,0,254;DEVELOPER "DEVELOPER" true true false 75 Text 0 0,First,#,WtrMain selection,DEVELOPER,0,75;DESIGNER "DESIGNER" true true false 75 Text 0 0,First,#,WtrMain selection,DESIGNER,0,75;CREATEDUSE "CREATEDUSE" true true false 254 Text 0 0,First,#,WtrMain selection,CREATEDUSE,0,254;CREATEDDAT "CREATEDDAT" true true false 20 Text 0 0,First,#,WtrMain selection,CREATEDDAT,0,20;LASTEDITOR "LASTEDITOR" true true false 254 Text 0 0,First,#,WtrMain selection,LASTEDITOR,0,254;LASTEDITDA "LASTEDITDA" true true false 20 Text 0 0,First,#,WtrMain selection,LASTEDITDA,0,20;SHAPE_STLE "SHAPE_STLE" true true false 31 Double 15 30,First,#,WtrMain selection,SHAPE_STLE,-1,-1" #</Process><Process ToolSource="c:\program files\arcgis\pro\Resources\ArcToolbox\toolboxes\Data Management Tools.tbx\Project" Date="20230411" Time="143820">Project NorthVan_WaterMains_AMtype2 "C:\Users\cwitt\Desktop\GEOS 472 Cartography Research\Vancouver Water\WGS 1984 Web Mercator\NorthVan_WaterMains_AMtype2.shp" PROJCS["WGS_1984_Web_Mercator_Auxiliary_Sphere",GEOGCS["GCS_WGS_1984",DATUM["D_WGS_1984",SPHEROID["WGS_1984",6378137.0,298.257223563]],PRIMEM["Greenwich",0.0],UNIT["Degree",0.0174532925199433]],PROJECTION["Mercator_Auxiliary_Sphere"],PARAMETER["False_Easting",0.0],PARAMETER["False_Northing",0.0],PARAMETER["Central_Meridian",0.0],PARAMETER["Standard_Parallel_1",0.0],PARAMETER["Auxiliary_Sphere_Type",0.0],UNIT["Meter",1.0]] WGS_1984_(ITRF00)_To_NAD_1983 PROJCS["NAD_1983_UTM_Zone_10N",GEOGCS["GCS_North_American_1983",DATUM["D_North_American_1983",SPHEROID["GRS_1980",6378137.0,298.257222101]],PRIMEM["Greenwich",0.0],UNIT["Degree",0.0174532925199433]],PROJECTION["Transverse_Mercator"],PARAMETER["False_Easting",500000.0],PARAMETER["False_Northing",0.0],PARAMETER["Central_Meridian",-123.0],PARAMETER["Scale_Factor",0.9996],PARAMETER["Latitude_Of_Origin",0.0],UNIT["Meter",1.0]] NO_PRESERVE_SHAPE # NO_VERTICAL</Process></lineage></DataProperties><SyncDate>20230406</SyncDate><SyncTime>12163200</SyncTime><ModDate>20230406</ModDate><ModTime>12163200</ModTime></Esri><dataIdInfo><envirDesc Sync="TRUE">Microsoft Windows 10 Version 10.0 (Build 19045) ; Esri ArcGIS 13.1.0.41833</envirDesc><dataLang><languageCode value="eng" Sync="TRUE"></languageCode><countryCode value="CAN" Sync="TRUE"></countryCode></dataLang><idCitation><resTitle Sync="TRUE">NorthVan_WaterMains_AMtype2</resTitle><presForm><PresFormCd value="005" Sync="TRUE"></PresFormCd></presForm></idCitation><spatRpType><SpatRepTypCd value="001" Sync="TRUE"></SpatRepTypCd></spatRpType></dataIdInfo><mdLang><languageCode value="eng" Sync="TRUE"></languageCode><countryCode value="CAN" Sync="TRUE"></countryCode></mdLang><distInfo><distFormat><formatName Sync="TRUE">File Geodatabase Feature Class</formatName></distFormat></distInfo><mdHrLv><ScopeCd value="005" Sync="TRUE"></ScopeCd></mdHrLv><mdHrLvName Sync="TRUE">dataset</mdHrLvName><refSysInfo><RefSystem><refSysID><identCode code="26910" Sync="TRUE"></identCode><idCodeSpace Sync="TRUE">EPSG</idCodeSpace><idVersion Sync="TRUE">6.13(3.0.1)</idVersion></refSysID></RefSystem></refSysInfo><spatRepInfo><VectSpatRep><geometObjs Name="NorthVan_WaterMains_AMtype2"><geoObjTyp><GeoObjTypCd value="002" Sync="TRUE"></GeoObjTypCd></geoObjTyp><geoObjCnt Sync="TRUE">0</geoObjCnt></geometObjs><topLvl><TopoLevCd value="001" Sync="TRUE"></TopoLevCd></topLvl></VectSpatRep></spatRepInfo><spdoinfo><ptvctinf><esriterm Name="NorthVan_WaterMains_AMtype2"><efeatyp Sync="TRUE">Simple</efeatyp><efeageom code="3" Sync="TRUE"></efeageom><esritopo Sync="TRUE">FALSE</esritopo><efeacnt Sync="TRUE">0</efeacnt><spindex Sync="TRUE">TRUE</spindex><linrefer Sync="TRUE">TRUE</linrefer></esriterm></ptvctinf></spdoinfo><eainfo><detailed Name="NorthVan_WaterMains_AMtype2"><enttyp><enttypl Sync="TRUE">NorthVan_WaterMains_AMtype2</enttypl><enttypt Sync="TRUE">Feature Class</enttypt><enttypc Sync="TRUE">0</enttypc></enttyp><attr><attrlabl Sync="TRUE">OBJECTID_1</attrlabl><attalias Sync="TRUE">OBJECTID_1</attalias><attrtype Sync="TRUE">OID</attrtype><attwidth Sync="TRUE">4</attwidth><atprecis Sync="TRUE">0</atprecis><attscale Sync="TRUE">0</attscale><attrdef Sync="TRUE">Internal feature number.</attrdef><attrdefs Sync="TRUE">Esri</attrdefs><attrdomv><udom Sync="TRUE">Sequential unique whole numbers that are automatically generated.</udom></attrdomv></attr><attr><attrlabl Sync="TRUE">Shape</attrlabl><attalias Sync="TRUE">Shape</attalias><attrtype Sync="TRUE">Geometry</attrtype><attwidth Sync="TRUE">0</attwidth><atprecis Sync="TRUE">0</atprecis><attscale Sync="TRUE">0</attscale><attrdef Sync="TRUE">Feature geometry.</attrdef><attrdefs Sync="TRUE">Esri</attrdefs><attrdomv><udom Sync="TRUE">Coordinates defining the features.</udom></attrdomv></attr><attr><attrlabl Sync="TRUE">OBJECTID</attrlabl><attalias Sync="TRUE">OBJECTID</attalias><attrtype Sync="TRUE">Double</attrtype><attwidth Sync="TRUE">8</attwidth><atprecis Sync="TRUE">0</atprecis><attscale Sync="TRUE">0</attscale></attr><attr><attrlabl Sync="TRUE">ASSET_ID</attrlabl><attalias Sync="TRUE">ASSET_ID</attalias><attrtype Sync="TRUE">String</attrtype><attwidth Sync="TRUE">12</attwidth><atprecis Sync="TRUE">0</atprecis><attscale Sync="TRUE">0</attscale></attr><attr><attrlabl Sync="TRUE">AM_OWNER</attrlabl><attalias Sync="TRUE">AM_OWNER</attalias><attrtype Sync="TRUE">String</attrtype><attwidth Sync="TRUE">72</attwidth><atprecis Sync="TRUE">0</atprecis><attscale Sync="TRUE">0</attscale></attr><attr><attrlabl Sync="TRUE">AM_OWNER_R</attrlabl><attalias Sync="TRUE">AM_OWNER_R</attalias><attrtype Sync="TRUE">String</attrtype><attwidth Sync="TRUE">254</attwidth><atprecis Sync="TRUE">0</atprecis><attscale Sync="TRUE">0</attscale></attr><attr><attrlabl Sync="TRUE">AM_DEPT</attrlabl><attalias Sync="TRUE">AM_DEPT</attalias><attrtype Sync="TRUE">String</attrtype><attwidth Sync="TRUE">30</attwidth><atprecis Sync="TRUE">0</atprecis><attscale Sync="TRUE">0</attscale></attr><attr><attrlabl Sync="TRUE">AM_DEPT_RE</attrlabl><attalias Sync="TRUE">AM_DEPT_RE</attalias><attrtype Sync="TRUE">String</attrtype><attwidth Sync="TRUE">254</attwidth><atprecis Sync="TRUE">0</atprecis><attscale Sync="TRUE">0</attscale></attr><attr><attrlabl Sync="TRUE">AM_DATE</attrlabl><attalias Sync="TRUE">AM_DATE</attalias><attrtype Sync="TRUE">Double</attrtype><attwidth Sync="TRUE">8</attwidth><atprecis Sync="TRUE">0</atprecis><attscale Sync="TRUE">0</attscale></attr><attr><attrlabl Sync="TRUE">AM_MATERIA</attrlabl><attalias Sync="TRUE">AM_MATERIA</attalias><attrtype Sync="TRUE">String</attrtype><attwidth Sync="TRUE">52</attwidth><atprecis Sync="TRUE">0</atprecis><attscale Sync="TRUE">0</attscale></attr><attr><attrlabl Sync="TRUE">AM_MATER00</attrlabl><attalias Sync="TRUE">AM_MATER00</attalias><attrtype Sync="TRUE">String</attrtype><attwidth Sync="TRUE">254</attwidth><atprecis Sync="TRUE">0</atprecis><attscale Sync="TRUE">0</attscale></attr><attr><attrlabl Sync="TRUE">AM_SIZE</attrlabl><attalias Sync="TRUE">AM_SIZE</attalias><attrtype Sync="TRUE">String</attrtype><attwidth Sync="TRUE">18</attwidth><atprecis Sync="TRUE">0</atprecis><attscale Sync="TRUE">0</attscale></attr><attr><attrlabl Sync="TRUE">AM_SIZE_RE</attrlabl><attalias Sync="TRUE">AM_SIZE_RE</attalias><attrtype Sync="TRUE">String</attrtype><attwidth Sync="TRUE">254</attwidth><atprecis Sync="TRUE">0</atprecis><attscale Sync="TRUE">0</attscale></attr><attr><attrlabl Sync="TRUE">AM_TYPE</attrlabl><attalias Sync="TRUE">AM_TYPE</attalias><attrtype Sync="TRUE">Double</attrtype><attwidth Sync="TRUE">8</attwidth><atprecis Sync="TRUE">0</atprecis><attscale Sync="TRUE">0</attscale></attr><attr><attrlabl Sync="TRUE">AM_ESTIMAT</attrlabl><attalias Sync="TRUE">AM_ESTIMAT</attalias><attrtype Sync="TRUE">String</attrtype><attwidth Sync="TRUE">100</attwidth><atprecis Sync="TRUE">0</atprecis><attscale Sync="TRUE">0</attscale></attr><attr><attrlabl Sync="TRUE">DRAW_TYPE</attrlabl><attalias Sync="TRUE">DRAW_TYPE</attalias><attrtype Sync="TRUE">String</attrtype><attwidth Sync="TRUE">48</attwidth><atprecis Sync="TRUE">0</atprecis><attscale Sync="TRUE">0</attscale></attr><attr><attrlabl Sync="TRUE">DRAW_TYPE_</attrlabl><attalias Sync="TRUE">DRAW_TYPE_</attalias><attrtype Sync="TRUE">String</attrtype><attwidth Sync="TRUE">254</attwidth><atprecis Sync="TRUE">0</atprecis><attscale Sync="TRUE">0</attscale></attr><attr><attrlabl Sync="TRUE">COMMENTS</attrlabl><attalias Sync="TRUE">COMMENTS</attalias><attrtype Sync="TRUE">String</attrtype><attwidth Sync="TRUE">254</attwidth><atprecis Sync="TRUE">0</atprecis><attscale Sync="TRUE">0</attscale></attr><attr><attrlabl Sync="TRUE">OFFSET</attrlabl><attalias Sync="TRUE">OFFSET</attalias><attrtype Sync="TRUE">String</attrtype><attwidth Sync="TRUE">12</attwidth><atprecis Sync="TRUE">0</atprecis><attscale Sync="TRUE">0</attscale></attr><attr><attrlabl Sync="TRUE">MAIN_ID</attrlabl><attalias Sync="TRUE">MAIN_ID</attalias><attrtype Sync="TRUE">String</attrtype><attwidth Sync="TRUE">20</attwidth><atprecis Sync="TRUE">0</atprecis><attscale Sync="TRUE">0</attscale></attr><attr><attrlabl Sync="TRUE">BREAKS</attrlabl><attalias Sync="TRUE">BREAKS</attalias><attrtype Sync="TRUE">Double</attrtype><attwidth Sync="TRUE">8</attwidth><atprecis Sync="TRUE">0</atprecis><attscale Sync="TRUE">0</attscale></attr><attr><attrlabl Sync="TRUE">MET_INPUT</attrlabl><attalias Sync="TRUE">MET_INPUT</attalias><attrtype Sync="TRUE">String</attrtype><attwidth Sync="TRUE">18</attwidth><atprecis Sync="TRUE">0</atprecis><attscale Sync="TRUE">0</attscale></attr><attr><attrlabl Sync="TRUE">MET_TECH</attrlabl><attalias Sync="TRUE">MET_TECH</attalias><attrtype Sync="TRUE">String</attrtype><attwidth Sync="TRUE">33</attwidth><atprecis Sync="TRUE">0</atprecis><attscale Sync="TRUE">0</attscale></attr><attr><attrlabl Sync="TRUE">MET_TECH_R</attrlabl><attalias Sync="TRUE">MET_TECH_R</attalias><attrtype Sync="TRUE">String</attrtype><attwidth Sync="TRUE">254</attwidth><atprecis Sync="TRUE">0</atprecis><attscale Sync="TRUE">0</attscale></attr><attr><attrlabl Sync="TRUE">MET_OVR_BY</attrlabl><attalias Sync="TRUE">MET_OVR_BY</attalias><attrtype Sync="TRUE">String</attrtype><attwidth Sync="TRUE">18</attwidth><atprecis Sync="TRUE">0</atprecis><attscale Sync="TRUE">0</attscale></attr><attr><attrlabl Sync="TRUE">MET_OVR_TY</attrlabl><attalias Sync="TRUE">MET_OVR_TY</attalias><attrtype Sync="TRUE">String</attrtype><attwidth Sync="TRUE">18</attwidth><atprecis Sync="TRUE">0</atprecis><attscale Sync="TRUE">0</attscale></attr><attr><attrlabl Sync="TRUE">ENABLED</attrlabl><attalias Sync="TRUE">ENABLED</attalias><attrtype Sync="TRUE">String</attrtype><attwidth Sync="TRUE">14</attwidth><atprecis Sync="TRUE">0</atprecis><attscale Sync="TRUE">0</attscale></attr><attr><attrlabl Sync="TRUE">ENABLED_RE</attrlabl><attalias Sync="TRUE">ENABLED_RE</attalias><attrtype Sync="TRUE">String</attrtype><attwidth Sync="TRUE">254</attwidth><atprecis Sync="TRUE">0</atprecis><attscale Sync="TRUE">0</attscale></attr><attr><attrlabl Sync="TRUE">GLOBALID</attrlabl><attalias Sync="TRUE">GLOBALID</attalias><attrtype Sync="TRUE">String</attrtype><attwidth Sync="TRUE">254</attwidth><atprecis Sync="TRUE">0</atprecis><attscale Sync="TRUE">0</attscale></attr><attr><attrlabl Sync="TRUE">CONTRIBUTE</attrlabl><attalias Sync="TRUE">CONTRIBUTE</attalias><attrtype Sync="TRUE">String</attrtype><attwidth Sync="TRUE">29</attwidth><atprecis Sync="TRUE">0</atprecis><attscale Sync="TRUE">0</attscale></attr><attr><attrlabl Sync="TRUE">CONTRIBU00</attrlabl><attalias Sync="TRUE">CONTRIBU00</attalias><attrtype Sync="TRUE">String</attrtype><attwidth Sync="TRUE">254</attwidth><atprecis Sync="TRUE">0</atprecis><attscale Sync="TRUE">0</attscale></attr><attr><attrlabl Sync="TRUE">DEVELOPER</attrlabl><attalias Sync="TRUE">DEVELOPER</attalias><attrtype Sync="TRUE">String</attrtype><attwidth Sync="TRUE">75</attwidth><atprecis Sync="TRUE">0</atprecis><attscale Sync="TRUE">0</attscale></attr><attr><attrlabl Sync="TRUE">DESIGNER</attrlabl><attalias Sync="TRUE">DESIGNER</attalias><attrtype Sync="TRUE">String</attrtype><attwidth Sync="TRUE">75</attwidth><atprecis Sync="TRUE">0</atprecis><attscale Sync="TRUE">0</attscale></attr><attr><attrlabl Sync="TRUE">CREATEDUSE</attrlabl><attalias Sync="TRUE">CREATEDUSE</attalias><attrtype Sync="TRUE">String</attrtype><attwidth Sync="TRUE">254</attwidth><atprecis Sync="TRUE">0</atprecis><attscale Sync="TRUE">0</attscale></attr><attr><attrlabl Sync="TRUE">CREATEDDAT</attrlabl><attalias Sync="TRUE">CREATEDDAT</attalias><attrtype Sync="TRUE">String</attrtype><attwidth Sync="TRUE">20</attwidth><atprecis Sync="TRUE">0</atprecis><attscale Sync="TRUE">0</attscale></attr><attr><attrlabl Sync="TRUE">LASTEDITOR</attrlabl><attalias Sync="TRUE">LASTEDITOR</attalias><attrtype Sync="TRUE">String</attrtype><attwidth Sync="TRUE">254</attwidth><atprecis Sync="TRUE">0</atprecis><attscale Sync="TRUE">0</attscale></attr><attr><attrlabl Sync="TRUE">LASTEDITDA</attrlabl><attalias Sync="TRUE">LASTEDITDA</attalias><attrtype Sync="TRUE">String</attrtype><attwidth Sync="TRUE">20</attwidth><atprecis Sync="TRUE">0</atprecis><attscale Sync="TRUE">0</attscale></attr><attr><attrlabl Sync="TRUE">SHAPE_STLE</attrlabl><attalias Sync="TRUE">SHAPE_STLE</attalias><attrtype Sync="TRUE">Double</attrtype><attwidth Sync="TRUE">8</attwidth><atprecis Sync="TRUE">0</atprecis><attscale Sync="TRUE">0</attscale></attr><attr><attrlabl Sync="TRUE">Shape_Length</attrlabl><attalias Sync="TRUE">Shape_Length</attalias><attrtype Sync="TRUE">Double</attrtype><attwidth Sync="TRUE">8</attwidth><atprecis Sync="TRUE">0</atprecis><attscale Sync="TRUE">0</attscale><attrdef Sync="TRUE">Length of feature in internal units.</attrdef><attrdefs Sync="TRUE">Esri</attrdefs><attrdomv><udom Sync="TRUE">Positive real numbers that are automatically generated.</udom></attrdomv></attr></detailed></eainfo><mdDateSt Sync="TRUE">20230406</mdDateSt></metadata>
